[
    {
        "email": "062ecdf1-37bb-45a9-ad32-5c5099976252@mailslurp.biz",
        "status": "TEST"
    },
    {
        "email": "5acfe66c-e111-4883-99d3-e1d95099ac7d@mailslurp.biz",
        "status": "78"
    },
    {
        "email": "ee7bfce7-84f5-4421-90ec-b4a94b012716@mailslurp.biz",
        "status": "77"
    },
    {
        "email": "2fed9da1-62f4-4891-9566-5996db736d05@mailslurp.biz",
        "status": "unused"
    },
    {
        "email": "d85e3997-6f2b-4ce3-8c1c-93fa0139c963@mailslurp.biz",
        "status": "unused"
    },
    {
        "email": "df990605-b60b-41fc-a4e6-15aa68c96365@mailslurp.biz",
        "status": "112"
    },
    {
        "email": "6771bb89-ee77-4e1e-bd57-cea33e09c666@mailslurp.biz",
        "status": "111"
    },
    {
        "email": "1c082359-28e4-45bc-89f7-017d5ed0a2ae@mailslurp.biz",
        "status": "110"
    },
    {
        "email": "a2bf95d2-4b24-481e-abc4-9a1e2cd9f9be@mailslurp.biz",
        "status": "109"
    },
    {
        "email": "4933b14a-157a-418a-8d07-a0ac596b8cd0@mailslurp.biz",
        "status": "108"
    },
    {
        "email": "323dfa9d-aba1-4359-a590-303a381351f6@mailslurp.biz",
        "status": "106"
    },
    {
        "email": "bc9d4129-edd7-450f-9769-d4b09788153c@mailslurp.biz",
        "status": "105"
    },
    {
        "email": "90382522-4a4c-4f82-9cb3-7adaef6d9477@mailslurp.biz",
        "status": "104"
    },
    {
        "email": "26272fa1-c544-459f-8b8e-f7baf929f89e@mailslurp.biz",
        "status": "102"
    },
    {
        "email": "5b040480-f6cb-4674-ba9a-569f044fcb86@mailslurp.biz",
        "status": "unused"
    },
    {
        "email": "8a5626fb-b7bf-45f6-8d90-d1b1bb98c088@mailslurp.biz",
        "status": "unused"
    },
    {
        "email": "21080819-34f3-40d5-a84a-97aa46846e04@mailslurp.biz",
        "status": "unused"
    },
    {
        "email": "5e2ca392-436c-45a5-b92e-cce00ec08e3d@mailslurp.biz",
        "status": "99"
    },
    {
        "email": "6313d24e-e917-4706-beba-189f2f4539d7@mailslurp.biz",
        "status": "98"
    },
    {
        "email": "0df1785f-62ab-476c-a707-a2e965b5e465@mailslurp.biz",
        "status": "97"
    },
    {
        "email": "3cd3001d-1b16-458a-be27-7730b0602db8@mailslurp.biz",
        "status": "95"
    },
    {
        "email": "ada30674-ada1-482e-92c3-94ed9e85b27b@mailslurp.biz",
        "status": "unused"
    },
    {
        "email": "18363174-5274-4071-82e8-e53333b98150@mailslurp.biz",
        "status": "unused"
    },
    {
        "email": "fa6d9460-d0e6-470b-bd9a-0ab05a9f8578@mailslurp.biz",
        "status": "unused"
    },
    {
        "email": "dd24c729-6b8a-4e01-83f6-c8f1f5732ce6@mailslurp.biz",
        "status": "unused"
    },
    {
        "email": "ce80d583-ffa4-40c4-8e43-129cd9c9ac68@mailslurp.biz",
        "status": "unused"
    },
    {
        "email": "1110ce88-e2cb-4f7d-8a10-7c1f28cbb95e@mailslurp.biz",
        "status": "94"
    },
    {
        "email": "287fe456-a068-4213-b115-d1a06e0b768e@mailslurp.biz",
        "status": "90"
    },
    {
        "email": "861da4f9-f7c0-4a99-8468-2821f7106533@mailslurp.biz",
        "status": "87"
    },
    {
        "email": "17464e75-26aa-492c-979c-cc5e428e87cb@mailslurp.biz",
        "status": "86"
    },
    {
        "email": "a839719e-4b0a-4082-bfbc-b1b605600b02@mailslurp.biz",
        "status": "80"
    },
    {
        "email": "90958414-0746-4dc7-b22d-ae9a99f0ef15@mailslurp.biz",
        "status": "79"
    },
    {
        "email": "beaaf273-6877-4b45-8603-f544820ee249@mailslurp.biz",
        "status": 84
    },
    {
        "email": "44b33663-3bde-449c-8c56-3f15b34b4462@mailslurp.biz",
        "status": "unused"
    },
    {
        "email": "20ba8c43-70a3-46d2-a156-0c4e25d225d9@mailslurp.biz",
        "status": "unused"
    },
    {
        "email": "838f8f1c-acbc-4cb4-979a-8458fd7feefa@mailslurp.biz",
        "status": "unused"
    },
    {
        "email": "e2cb7677-ff08-42e2-bdc0-a7abf76bd38b@mailslurp.biz",
        "status": 317
    }
]